{
  "accuracy": 0.9048934490923441,
  "macro_f1": 0.8829095705100688,
  "per_class_f1": [
    0.9349517584811703,
    0.9030732860520094,
    0.8107036669970268
  ],
  "ece": 0.06376279647084984,
  "confusion_matrix": [
    [
      1502,
      26,
      72
    ],
    [
      24,
      382,
      13
    ],
    [
      87,
      19,
      409
    ]
  ],
  "classification_report": {
    "healthy": {
      "precision": 0.9311841289522629,
      "recall": 0.93875,
      "f1-score": 0.9349517584811703,
      "support": 1600.0
    },
    "suspicious": {
      "precision": 0.8946135831381733,
      "recall": 0.9116945107398569,
      "f1-score": 0.9030732860520094,
      "support": 419.0
    },
    "malignant": {
      "precision": 0.8279352226720648,
      "recall": 0.7941747572815534,
      "f1-score": 0.8107036669970268,
      "support": 515.0
    },
    "accuracy": 0.9048934490923441,
    "macro avg": {
      "precision": 0.8845776449208337,
      "recall": 0.8815397560071366,
      "f1-score": 0.8829095705100688,
      "support": 2534.0
    },
    "weighted avg": {
      "precision": 0.9041532507240049,
      "recall": 0.9048934490923441,
      "f1-score": 0.9044289301219941,
      "support": 2534.0
    }
  }
}